departamento_id,departamento,zona_pas,metodo,n_zonas_candidatas_originales
06315,General Juan Madariaga,Cuenca Sal,desempate_por_distancia,2
74042,Gobernador Dupuy,SL,desempate_por_distancia,2
06196,Coronel Pringles,Ctro BA,0_candidatas,0
66007,Anta,NOA,match_unico,1
82070,Las Colonias,Núcleo Norte,match_unico,1
82112,San Justo,Núcleo Norte,match_unico,1
82091,San Cristóbal,Centro N Sta Fe,0_candidatas,0
42133,Realicó,N LP-O BA,desempate_por_distancia,2
66140,Rosario de la Frontera,NOA,match_unico,1
10098,Santa Rosa,NOA,match_unico,1
14112,Río Seco,Centro N Cba,match_unico,1
86042,Belgrano,Centro N Cba,match_unico,1
86007,Aguirre,Centro N Cba,match_unico,1
30077,Nogoyá,Núcleo Norte,match_unico,1
30091,Tala,Ctro E ER,desempate_por_distancia,2
30049,Gualeguay,Núcleo Sur,desempate_por_distancia,2
30070,La Paz,Núcleo Norte,match_unico,1
06413,Junín,Núcleo Sur,desempate_por_distancia,2
06224,Chivilcoy,Núcleo Sur,desempate_por_distancia,2
06021,Alberti,Ctro BA,desempate_por_distancia,2
06112,Bragado,Ctro BA,desempate_por_distancia,2
06854,25 de Mayo,Ctro BA,match_unico,1
06588,9 de Julio,Ctro BA,desempate_por_distancia,2
06609,Pehuajó,Ctro BA,match_unico,1
06007,Adolfo Alsina,N LP-O BA,desempate_por_distancia,2
06077,Arrecifes,Núcleo Sur,match_unico,1
06714,Salto,Núcleo Sur,match_unico,1
06728,San Andrés de Giles,Núcleo Sur,match_unico,1
06210,Chacabuco,Núcleo Sur,desempate_por_distancia,2
06042,Ayacucho,Cuenca Sal,desempate_por_distancia,2
06399,Guaminí,Ctro BA,match_unico,1
42021,Capital,N LP-O BA,match_unico,1
06574,Navarro,Ctro BA,desempate_por_distancia,2
06483,Lobos,Ctro BA,desempate_por_distancia,2
06322,General La Madrid,Ctro BA,match_unico,1
06105,Bolívar,Ctro BA,match_unico,1
06049,Azul,Ctro BA,desempate_por_distancia,2
06231,Daireaux,Ctro BA,match_unico,1
06700,Saavedra,SO BA-S LP,match_unico,1
06476,Lobería,SE BA,desempate_por_distancia,2
06665,Ramallo,Núcleo Sur,match_unico,1
86133,Pellegrini,NOA,match_unico,1
14056,Juárez Celman,S Cba,match_unico,1
14021,Colón,Centro N Cba,0_candidatas,0
82028,Constitución,Núcleo Sur,desempate_por_distancia,2
82014,Caseros,Núcleo Sur,desempate_por_distancia,2
82084,Rosario,Núcleo Sur,desempate_por_distancia,2
82119,San Lorenzo,Núcleo Norte,desempate_por_distancia,2
82056,Iriondo,Núcleo Norte,desempate_por_distancia,2
06294,General Arenales,Núcleo Sur,match_unico,1
30056,Gualeguaychú,Núcleo Sur,match_unico,1
30105,Victoria,Núcleo Norte,desempate_por_distancia,2
30021,Diamante,Núcleo Norte,match_unico,1
30098,Uruguay,Ctro E ER,match_unico,1
30084,Paraná,Núcleo Norte,match_unico,1
06707,Saladillo,Ctro BA,match_unico,1
06455,Las Flores,Ctro BA,match_unico,1
06686,Rojas,Núcleo Sur,match_unico,1
06735,San Antonio de Areco,Núcleo Sur,match_unico,1
06280,General Alvarado,SE BA,desempate_por_distancia,2
06357,General Pueyrredón,SE BA,desempate_por_distancia,2
06518,Mar Chiquita,Cuenca Sal,desempate_por_distancia,2
66112,Metán,NOA,match_unico,1
22112,O'Higgins,NEA,match_unico,1
06791,Tandil,SE BA,desempate_por_distancia,2
06203,Coronel Suárez,SO BA-S LP,match_unico,1
82063,La Capital,Núcleo Norte,match_unico,1
06014,Adolfo Gonzales Chaves,SE BA,match_unico,1
30035,Federal,Ctro E ER,match_unico,1
86014,Alberdi,NEA,match_unico,1
86098,Juan Felipe Ibarra,Centro N Cba,0_candidatas,0
86077,General Taboada,Centro N Cba,0_candidatas,0
86154,Rivadavia,Centro N Cba,match_unico,1
06721,Salliqueló,N LP-O BA,match_unico,1
14035,General Roca,S Cba,desempate_por_distancia,2
22036,12 de Octubre,NEA,match_unico,1
14175,Tulumba,Centro N Cba,match_unico,1
06351,General Pinto,S Cba,desempate_por_distancia,3
06742,San Cayetano,SE BA,match_unico,1
06833,Tres Arroyos,SE BA,match_unico,1
06189,Coronel Dorrego,SE BA,0_candidatas,0
06581,Necochea,SE BA,match_unico,1
06218,Chascomús,Cuenca Sal,match_unico,1
14147,Santa María,Centro N Cba,0_candidatas,0
14119,Río Segundo,Centro N Cba,0_candidatas,0
14140,San Justo,Centro N Cba,0_candidatas,0
14182,Unión,S Cba,0_candidatas,0
14161,Tercero Arriba,S Cba,0_candidatas,0
14098,Río Cuarto,S Cba,match_unico,1
06616,Pellegrini,N LP-O BA,match_unico,1
14084,Presidente Roque Sáenz Peña,S Cba,match_unico,1
82007,Belgrano,Núcleo Norte,desempate_por_distancia,2
06623,Pergamino,Núcleo Sur,match_unico,1
22070,Independencia,NEA,match_unico,1
06651,Puán,SO BA-S LP,match_unico,1
06392,General Villegas,S Cba,desempate_por_distancia,2
82049,General Obligado,Centro N Sta Fe,match_unico,1
82133,Vera,Centro N Sta Fe,match_unico,1
82077,9 de Julio,Centro N Sta Fe,match_unico,1
90007,Burruyacú,NOA,match_unico,1
82105,San Jerónimo,Núcleo Norte,match_unico,1
42056,Chapaleufú,S Cba,desempate_por_distancia,2
42105,Maracó,N LP-O BA,match_unico,1
42147,Trenel,N LP-O BA,match_unico,1
22098,Mayor Luis J. Fontana,NEA,match_unico,1
22007,Almirante Brown,NEA,match_unico,1
22091,Maipú,NEA,match_unico,1
22105,9 de Julio,NEA,match_unico,1
42028,Catriló,N LP-O BA,match_unico,1
30113,Villaguay,Ctro E ER,desempate_por_distancia,2
06147,Carlos Casares,Ctro BA,match_unico,1
06385,General Viamonte,Núcleo Sur,desempate_por_distancia,2
06154,Carlos Tejedor,S Cba,desempate_por_distancia,3
06826,Trenque Lauquen,N LP-O BA,match_unico,1
06301,General Belgrano,Cuenca Sal,desempate_por_distancia,2
06547,Monte,Cuenca Sal,desempate_por_distancia,2
06693,Roque Pérez,Ctro BA,desempate_por_distancia,2
06595,Olavarría,Ctro BA,desempate_por_distancia,2
06161,Carmen de Areco,Núcleo Sur,match_unico,1
06847,Tres Lomas,N LP-O BA,match_unico,1
06469,Lincoln,Ctro BA,desempate_por_distancia,2
06084,Benito Juárez,SE BA,match_unico,1
06175,Colón,Núcleo Sur,match_unico,1
86119,Moreno,NEA,match_unico,1
22028,Chacabuco,NEA,match_unico,1
06063,Balcarce,SE BA,desempate_por_distancia,2
06406,Hipólito Yrigoyen,Ctro BA,match_unico,1
22039,2 de Abril,NEA,match_unico,1
42126,Rancul,N LP-O BA,desempate_por_distancia,3
42007,Atreucó,N LP-O BA,desempate_por_distancia,2
42070,Guatraché,N LP-O BA,desempate_por_distancia,2
42035,Conhelo,N LP-O BA,match_unico,1
42140,Toay,N LP-O BA,match_unico,1
82042,General López,Núcleo Sur,match_unico,1
06462,Leandro N. Alem,Núcleo Sur,match_unico,1
14007,Calamuchita,SL,match_unico,1
90014,Cruz Alta,NOA,match_unico,1
22049,General Belgrano,NEA,match_unico,1
14168,Totoral,Centro N Cba,match_unico,1
14042,General San Martín,S Cba,0_candidatas,0
14105,Río Primero,Centro N Cba,0_candidatas,0
14063,Marcos Juárez,S Cba,desempate_por_distancia,3
06679,Rivadavia,N LP-O BA,match_unico,1
06602,Patagones,SO BA-S LP,match_unico,1
74035,General Pedernera,SL,match_unico,1
74021,Coronel Pringles,SL,match_unico,1
74028,Chacabuco,SL,match_unico,1
86091,Jiménez,NOA,match_unico,1
06070,Baradero,Núcleo Sur,match_unico,1
06770,San Pedro,Núcleo Sur,match_unico,1
66056,General José de San Martín,NOA,match_unico,1
06277,Florentino Ameghino,S Cba,desempate_por_distancia,3
90035,Graneros,NOA,match_unico,1
90056,Leales,NOA,match_unico,1
82126,San Martín,Núcleo Norte,match_unico,1
82021,Castellanos,Núcleo Norte,match_unico,1
42119,Quemú Quemú,N LP-O BA,match_unico,1
22021,Comandante Fernández,NEA,match_unico,1
