Departamento_id,Cultivo,Rinde(qq/Ha)
6007,girasol,17.9996
6007,maíz,46.202
6007,soja 1ra,20.6296
6007,soja 2da,16.923636363636362
6007,trigo total,24.3196
6014,girasol,15.577916666666667
6014,maíz,48.02166666666667
6014,soja 1ra,18.0852
6014,soja 2da,10.17
6014,trigo total,32.724000000000004
6021,girasol,24.82318181818182
6021,maíz,78.6524
6021,soja 1ra,33.8628
6021,soja 2da,21.76
6021,trigo total,37.426
6042,girasol,20.3304
6042,maíz,60.3216
6042,soja 1ra,23.5068
6042,soja 2da,13.34590909090909
6042,trigo total,36.626799999999996
6049,girasol,20.3876
6049,maíz,59.3784
6049,soja 1ra,24.3064
6049,soja 2da,13.574545454545454
6049,trigo total,39.1084
6063,girasol,21.3704
6063,maíz,62.7808
6063,soja 1ra,25.273200000000003
6063,soja 2da,14.495454545454544
6063,trigo total,41.580799999999996
6070,girasol,23.758181818181814
6070,maíz,75.358
6070,soja 1ra,33.8704
6070,soja 2da,20.1684
6070,trigo total,35.132
6077,girasol,25.45
6077,maíz,78.3052
6077,soja 1ra,34.8212
6077,soja 2da,21.316799999999997
6077,trigo total,36.5916
6084,girasol,19.596400000000003
6084,maíz,55.7136
6084,soja 1ra,22.3644
6084,soja 2da,12.839090909090908
6084,trigo total,37.2884
6105,girasol,21.9548
6105,maíz,69.244
6105,soja 1ra,28.034000000000002
6105,soja 2da,17.3072
6105,trigo total,33.1712
6112,girasol,25.444000000000003
6112,maíz,77.6116
6112,soja 1ra,33.9632
6112,soja 2da,20.3716
6112,trigo total,37.626799999999996
6147,girasol,25.275199999999998
6147,maíz,77.13159999999999
6147,soja 1ra,31.394000000000002
6147,soja 2da,23.6516
6147,trigo total,34.414
6154,girasol,23.6428
6154,maíz,73.4364
6154,soja 1ra,29.1596
6154,soja 2da,21.6896
6154,trigo total,31.7484
6161,girasol,23.318695652173915
6161,maíz,79.3668
6161,soja 1ra,35.2244
6161,soja 2da,23.257199999999997
6161,trigo total,37.5212
6175,girasol,26.798823529411763
6175,maíz,87.2616
6175,soja 1ra,38.919200000000004
6175,soja 2da,23.029600000000002
6175,trigo total,39.5904
6189,girasol,13.702
6189,maíz,44.23833333333334
6189,soja 1ra,15.5172
6189,soja 2da,8.742
6189,trigo total,27.0576
6196,girasol,14.359200000000001
6196,maíz,45.72782608695652
6196,soja 1ra,15.975999999999999
6196,soja 2da,9.1725
6196,trigo total,27.0636
6203,girasol,17.9096
6203,maíz,53.3504
6203,soja 1ra,21.4468
6203,soja 2da,13.727500000000001
6203,trigo total,26.268
6210,girasol,25.25
6210,maíz,84.786
6210,soja 1ra,37.333600000000004
6210,soja 2da,24.6488
6210,trigo total,39.0792
6224,girasol,24.084
6224,maíz,76.768
6224,soja 1ra,34.5392
6224,soja 2da,20.6232
6224,trigo total,37.2868
6231,girasol,23.0964
6231,maíz,70.184
6231,soja 1ra,27.855999999999998
6231,soja 2da,17.0696
6231,trigo total,33.007200000000005
6277,girasol,23.062916666666666
6277,maíz,80.2788
6277,soja 1ra,30.421999999999997
6277,soja 2da,21.6252
6277,trigo total,31.775199999999998
6280,girasol,21.801199999999998
6280,maíz,63.102399999999996
6280,soja 1ra,26.01
6280,soja 2da,15.276818181818184
6280,trigo total,43.0004
6294,girasol,24.95
6294,maíz,87.0332
6294,soja 1ra,37.736399999999996
6294,soja 2da,25.3596
6294,trigo total,39.0784
6301,girasol,23.4508
6301,maíz,72.296
6301,soja 1ra,30.5484
6301,soja 2da,20.0516
6301,trigo total,34.102
6315,girasol,23.7164
6315,maíz,68.09479999999999
6315,soja 1ra,29.3356
6315,soja 2da,17.124545454545455
6315,trigo total,45.4028
6322,girasol,17.066399999999998
6322,maíz,50.924
6322,soja 1ra,21.366
6322,soja 2da,13.312999999999999
6322,trigo total,25.436799999999998
6351,girasol,24.32625
6351,maíz,83.4908
6351,soja 1ra,32.419200000000004
6351,soja 2da,23.1512
6351,trigo total,33.924
6357,girasol,22.0304
6357,maíz,63.568000000000005
6357,soja 1ra,25.3452
6357,soja 2da,15.347272727272726
6357,trigo total,43.071999999999996
6385,girasol,24.816666666666666
6385,maíz,83.9144
6385,soja 1ra,33.1984
6385,soja 2da,23.518
6385,trigo total,36.3172
6392,girasol,23.507600000000004
6392,maíz,80.824
6392,soja 1ra,30.712
6392,soja 2da,22.2588
6392,trigo total,32.4332
6399,girasol,21.8684
6399,maíz,59.6536
6399,soja 1ra,25.272399999999998
6399,soja 2da,18.961666666666666
6399,trigo total,26.1596
6406,girasol,23.1652
6406,maíz,70.20479999999999
6406,soja 1ra,28.206799999999998
6406,soja 2da,17.2052
6406,trigo total,33.3756
6413,girasol,25.166666666666668
6413,maíz,85.1512
6413,soja 1ra,36.1376
6413,soja 2da,23.914
6413,trigo total,38.334
6455,girasol,23.2084
6455,maíz,72.1636
6455,soja 1ra,29.380399999999998
6455,soja 2da,18.98695652173913
6455,trigo total,35.8864
6462,girasol,25.08875
6462,maíz,87.2376
6462,soja 1ra,33.4152
6462,soja 2da,23.9232
6462,trigo total,35.587199999999996
6469,girasol,24.971666666666668
6469,maíz,82.80799999999999
6469,soja 1ra,31.596
6469,soja 2da,22.8796
6469,trigo total,35.0636
6476,girasol,20.631999999999998
6476,maíz,61.287200000000006
6476,soja 1ra,23.7984
6476,soja 2da,14.146818181818183
6476,trigo total,39.7436
6483,girasol,23.6596
6483,maíz,72.9276
6483,soja 1ra,30.6712
6483,soja 2da,19.8264
6483,trigo total,34.138000000000005
6518,girasol,21.296
6518,maíz,63.97
6518,soja 1ra,26.6548
6518,soja 2da,15.573636363636364
6518,trigo total,40.1592
6547,girasol,23.5508
6547,maíz,72.4228
6547,soja 1ra,30.847600000000003
6547,soja 2da,19.28
6547,trigo total,36.3344
6574,girasol,23.7896
6574,maíz,73.546
6574,soja 1ra,31.382800000000003
6574,soja 2da,19.848399999999998
6574,trigo total,36.0588
6581,girasol,20.355999999999998
6581,maíz,67.9672
6581,soja 1ra,22.3768
6581,soja 2da,11.882
6581,trigo total,40.2204
6588,girasol,26.09
6588,maíz,78.734
6588,soja 1ra,34.427600000000005
6588,soja 2da,20.258
6588,trigo total,37.5068
6595,girasol,20.678
6595,maíz,66.3544
6595,soja 1ra,26.0484
6595,soja 2da,15.2696
6595,trigo total,33.3848
6602,girasol,18.1152
6602,maíz,64.53166666666667
6602,soja 1ra,17.098
6602,trigo total,14.8376
6609,girasol,24.3552
6609,maíz,77.6728
6609,soja 1ra,30.9984
6609,soja 2da,22.251199999999997
6609,trigo total,35.0436
6616,girasol,22.0172
6616,maíz,56.642799999999994
6616,soja 1ra,25.141199999999998
6616,soja 2da,19.449166666666667
6616,trigo total,26.2984
6623,girasol,26.39857142857143
6623,maíz,85.93799999999999
6623,soja 1ra,37.908
6623,soja 2da,21.9504
6623,trigo total,39.6156
6651,girasol,14.371199999999998
6651,maíz,38.711666666666666
6651,soja 1ra,16.120416666666667
6651,soja 2da,9.892666666666665
6651,trigo total,21.0444
6665,girasol,23.599
6665,maíz,76.5768
6665,soja 1ra,34.6084
6665,soja 2da,19.9824
6665,trigo total,35.971199999999996
6679,girasol,25.1912
6679,maíz,78.8248
6679,soja 1ra,31.747600000000002
6679,soja 2da,22.5996
6679,trigo total,33.6576
6686,girasol,25.9
6686,maíz,89.0932
6686,soja 1ra,38.0892
6686,soja 2da,25.6776
6686,trigo total,40.7436
6693,girasol,23.867600000000003
6693,maíz,72.5608
6693,soja 1ra,30.7852
6693,soja 2da,19.67
6693,trigo total,35.5212
6700,girasol,15.4268
6700,maíz,43.1768
6700,soja 1ra,17.9632
6700,soja 2da,11.0245
6700,trigo total,22.4444
6707,girasol,24.102800000000002
6707,maíz,74.1452
6707,soja 1ra,31.4312
6707,soja 2da,20.0672
6707,trigo total,36.306799999999996
6714,girasol,26.78608695652174
6714,maíz,86.41799999999999
6714,soja 1ra,38.3324
6714,soja 2da,22.608800000000002
6714,trigo total,39.9064
6721,girasol,21.3052
6721,maíz,54.743599999999994
6721,soja 1ra,24.3524
6721,soja 2da,19.052916666666665
6721,trigo total,26.2016
6728,girasol,23.02913043478261
6728,maíz,76.39920000000001
6728,soja 1ra,33.9548
6728,soja 2da,22.448800000000002
6728,trigo total,36.9564
6735,girasol,24.99
6735,maíz,78.1116
6735,soja 1ra,34.8148
6735,soja 2da,21.038800000000002
6735,trigo total,36.678000000000004
6742,girasol,17.2184
6742,maíz,62.102399999999996
6742,soja 1ra,18.598399999999998
6742,soja 2da,10.4048
6742,trigo total,33.7552
6770,girasol,24.29
6770,maíz,76.60480000000001
6770,soja 1ra,34.2248
6770,soja 2da,20.6464
6770,trigo total,36.162800000000004
6791,girasol,21.5192
6791,maíz,62.34
6791,soja 1ra,25.898000000000003
6791,soja 2da,13.902727272727274
6791,trigo total,41.373999999999995
6826,girasol,23.9128
6826,maíz,74.8956
6826,soja 1ra,29.073600000000003
6826,soja 2da,21.2472
6826,trigo total,32.6732
6833,girasol,18.9952
6833,maíz,63.47
6833,soja 1ra,20.472
6833,soja 2da,11.1396
6833,trigo total,35.6432
6847,girasol,22.0392
6847,maíz,57.1532
6847,soja 1ra,25.478
6847,soja 2da,19.54625
6847,trigo total,26.433200000000003
6854,girasol,24.75
6854,maíz,75.80279999999999
6854,soja 1ra,31.6972
6854,soja 2da,20.2184
6854,trigo total,35.2596
10098,girasol,26.0
10098,maíz,54.3588
10098,soja 1ra,25.657142857142855
10098,soja 2da,24.59583333333333
10098,trigo total,15.669583333333334
14007,maíz,60.04
14007,soja 1ra,24.9128
14007,soja 2da,19.072777777777777
14007,trigo total,19.3004
14021,girasol,24.6
14021,maíz,69.9752
14021,soja 1ra,30.1912
14021,soja 2da,23.6772
14021,trigo total,21.0964
14035,girasol,20.1256
14035,maní,26.109583333333333
14035,maíz,71.1304
14035,soja 1ra,28.279600000000002
14035,soja 2da,21.3884
14035,trigo total,24.66
14042,girasol,21.71227272727273
14042,maní,24.035999999999998
14042,maíz,71.488
14042,soja 1ra,27.1572
14042,soja 2da,22.43
14042,trigo total,23.741999999999997
14056,girasol,20.8636
14056,maní,27.125
14056,maíz,61.663999999999994
14056,soja 1ra,25.0284
14056,soja 2da,19.544999999999998
14056,trigo total,20.613200000000003
14063,girasol,20.2856
14063,maní,34.2
14063,maíz,93.43
14063,soja 1ra,36.9704
14063,soja 2da,26.9504
14063,trigo total,32.472
14084,girasol,21.47
14084,maní,26.808400000000002
14084,maíz,75.3372
14084,soja 1ra,30.0004
14084,soja 2da,22.628400000000003
14084,trigo total,26.5804
14098,girasol,20.656
14098,maní,26.4808
14098,maíz,59.004799999999996
14098,soja 1ra,23.8332
14098,soja 2da,18.6375
14098,trigo total,19.2088
14105,girasol,21.235294117647058
14105,maní,35.144444444444446
14105,maíz,68.21600000000001
14105,soja 1ra,28.8792
14105,soja 2da,23.5724
14105,trigo total,21.404
14112,girasol,18.0
14112,maíz,63.0304
14112,soja 1ra,25.6732
14112,soja 2da,21.722105263157896
14112,trigo total,19.580000000000002
14119,girasol,21.503636363636364
14119,maní,24.901999999999997
14119,maíz,70.1232
14119,soja 1ra,27.473200000000002
14119,soja 2da,23.2484
14119,trigo total,21.5184
14140,girasol,20.10636363636364
14140,maíz,70.26
14140,soja 1ra,30.025199999999998
14140,soja 2da,24.4712
14140,trigo total,23.007199999999997
14147,girasol,21.714285714285715
14147,maíz,69.03
14147,soja 1ra,25.088
14147,soja 2da,21.776666666666667
14147,trigo total,16.3244
14161,girasol,20.897142857142857
14161,maní,24.7856
14161,maíz,71.2372
14161,soja 1ra,27.4404
14161,soja 2da,22.692800000000002
14161,trigo total,20.863200000000003
14168,girasol,20.0
14168,maíz,68.5368
14168,soja 1ra,29.011999999999997
14168,soja 2da,23.703181818181818
14168,trigo total,21.659565217391304
14175,girasol,19.142857142857142
14175,maíz,62.216
14175,soja 1ra,24.932
14175,soja 2da,21.659130434782607
14175,trigo total,18.833181818181817
14182,girasol,19.78625
14182,maní,28.523333333333333
14182,maíz,87.76280000000001
14182,soja 1ra,34.2816
14182,soja 2da,24.8296
14182,trigo total,30.511999999999997
22007,girasol,16.6032
22007,maíz,37.217200000000005
22007,soja 1ra,20.762800000000002
22007,soja 2da,20.444347826086958
22007,trigo total,12.628260869565217
22021,girasol,15.460799999999999
22021,maíz,32.552
22021,soja 1ra,16.5496
22021,soja 2da,16.481739130434782
22021,trigo total,12.070869565217391
22028,girasol,16.7572
22028,maíz,39.7944
22028,soja 1ra,20.472916666666666
22028,soja 2da,19.69090909090909
22028,trigo total,13.60391304347826
22036,girasol,16.4028
22036,maíz,38.1848
22036,soja 1ra,20.8144
22036,soja 2da,19.83695652173913
22036,trigo total,13.892608695652173
22039,girasol,16.540869565217392
22039,maíz,38.8612
22039,soja 1ra,20.2344
22039,soja 2da,19.74304347826087
22039,trigo total,13.789130434782608
22049,girasol,16.32
22049,maíz,38.47
22049,soja 1ra,21.101599999999998
22049,soja 2da,19.995217391304347
22049,trigo total,13.32695652173913
22070,girasol,16.0112
22070,maíz,35.221599999999995
22070,soja 1ra,18.2588
22070,soja 2da,17.991739130434784
22070,trigo total,12.322173913043477
22091,girasol,15.366800000000001
22091,maíz,33.6556
22091,soja 1ra,16.6464
22091,soja 2da,16.487826086956524
22091,trigo total,11.508260869565218
22098,girasol,15.075999999999999
22098,maíz,36.4064
22098,soja 1ra,18.6432
22098,soja 2da,18.012173913043476
22098,trigo total,12.369565217391305
22105,girasol,16.6652
22105,maíz,38.9564
22105,soja 1ra,20.538
22105,soja 2da,19.32478260869565
22105,trigo total,13.413478260869566
22112,girasol,16.248
22112,maíz,38.1984
22112,soja 1ra,19.711199999999998
22112,soja 2da,18.73304347826087
22112,trigo total,13.871304347826088
30021,girasol,20.879166666666666
30021,maíz,68.2572
30021,soja 1ra,27.492800000000003
30021,soja 2da,22.3656
30021,trigo total,30.945999999999998
30035,girasol,17.8572
30035,maíz,58.556400000000004
30035,soja 1ra,23.56
30035,soja 2da,19.99875
30035,trigo total,26.6588
30049,girasol,17.608823529411765
30049,maíz,59.193599999999996
30049,soja 1ra,25.6768
30049,soja 2da,19.8164
30049,trigo total,31.4592
30056,girasol,17.049999999999997
30056,maíz,54.4432
30056,soja 1ra,23.7564
30056,soja 2da,18.8896
30056,trigo total,29.3208
30070,girasol,18.92
30070,maíz,63.17
30070,soja 1ra,24.8416
30070,soja 2da,21.110833333333336
30070,trigo total,28.5064
30077,girasol,16.919
30077,maíz,56.1372
30077,soja 1ra,23.3664
30077,soja 2da,18.3628
30077,trigo total,28.5332
30084,girasol,19.858
30084,maíz,65.854
30084,soja 1ra,26.477200000000003
30084,soja 2da,21.5928
30084,trigo total,29.979200000000002
30091,girasol,16.29888888888889
30091,maíz,52.187200000000004
30091,soja 1ra,22.942800000000002
30091,soja 2da,18.013199999999998
30091,trigo total,27.4496
30098,girasol,16.499000000000002
30098,maíz,53.4428
30098,soja 1ra,23.409200000000002
30098,soja 2da,18.23
30098,trigo total,28.266
30105,girasol,18.625
30105,maíz,63.8512
30105,soja 1ra,26.5092
30105,soja 2da,20.9516
30105,trigo total,31.1584
30113,girasol,15.573157894736841
30113,maíz,52.376000000000005
30113,soja 1ra,21.9392
30113,soja 2da,17.184
30113,trigo total,26.5088
42007,girasol,18.683600000000002
42007,maíz,42.8008
42007,soja 1ra,19.878
42007,soja 2da,13.428
42007,trigo total,19.5848
42021,girasol,17.592
42021,maíz,41.687200000000004
42021,soja 1ra,18.8632
42021,soja 2da,12.9875
42021,trigo total,18.9752
42028,girasol,20.5216
42028,maíz,47.757600000000004
42028,soja 1ra,22.3736
42028,soja 2da,15.272499999999999
42028,trigo total,20.6012
42035,girasol,16.9728
42035,maíz,49.782
42035,soja 1ra,20.0184
42035,soja 2da,14.820833333333333
42035,trigo total,20.546799999999998
42056,girasol,22.253600000000002
42056,maíz,73.8308
42056,soja 1ra,29.448400000000003
42056,soja 2da,21.242399999999996
42056,trigo total,26.082399999999996
42070,girasol,13.979444444444445
42070,maíz,33.388000000000005
42070,soja 1ra,11.036111111111111
42070,soja 2da,14.0
42070,trigo total,18.014
42105,girasol,21.864
42105,maíz,69.9628
42105,soja 1ra,28.2432
42105,soja 2da,20.333199999999998
42105,trigo total,24.186
42119,girasol,20.907600000000002
42119,maíz,65.36319999999999
42119,soja 1ra,25.461199999999998
42119,soja 2da,18.12
42119,trigo total,22.027600000000003
42126,girasol,17.678
42126,maíz,51.97560000000001
42126,soja 1ra,20.6912
42126,soja 2da,16.48
42126,trigo total,19.868
42133,girasol,18.9072
42133,maíz,56.642799999999994
42133,soja 1ra,22.98
42133,soja 2da,16.6008
42133,trigo total,21.1396
42140,girasol,13.498399999999998
42140,maíz,34.2056
42140,soja 1ra,14.87
42140,soja 2da,12.272727272727273
42140,trigo total,16.5116
42147,girasol,16.972
42147,maíz,49.9172
42147,soja 1ra,20.0308
42147,soja 2da,14.80608695652174
42147,trigo total,19.9008
66007,girasol,14.5
66007,maíz,51.4772
66007,soja 1ra,23.139200000000002
66007,soja 2da,22.6912
66007,trigo total,14.15
66056,girasol,10.0
66056,maíz,48.63
66056,soja 1ra,22.336399999999998
66056,soja 2da,21.106842105263155
66056,trigo total,9.40578947368421
66112,girasol,15.0
66112,maíz,51.55375
66112,soja 1ra,22.727083333333336
66112,soja 2da,22.1844
66112,trigo total,11.659600000000001
66140,girasol,12.666666666666666
66140,maíz,51.236000000000004
66140,soja 1ra,22.502399999999998
66140,soja 2da,22.156399999999998
66140,trigo total,10.871199999999998
74021,girasol,19.94736842105263
74021,maíz,53.77722222222222
74021,soja 1ra,23.226315789473684
74021,soja 2da,15.272727272727273
74021,trigo total,22.70263157894737
74028,girasol,18.271052631578947
74028,maíz,45.218333333333334
74028,soja 1ra,20.04736842105263
74028,soja 2da,14.25
74028,trigo total,17.357647058823527
74035,girasol,18.98
74035,maíz,49.40111111111111
74035,soja 1ra,21.221052631578946
74035,soja 2da,14.11111111111111
74035,trigo total,16.919
74042,girasol,17.3
74042,maíz,41.23444444444445
74042,soja 1ra,18.026315789473685
74042,soja 2da,14.0
74042,trigo total,15.166666666666666
82007,girasol,19.9475
82007,maíz,82.08040000000001
82007,soja 1ra,34.7568
82007,soja 2da,25.4096
82007,trigo total,30.9164
82014,girasol,22.9
82014,maíz,83.0592
82014,soja 1ra,34.1528
82014,soja 2da,25.522800000000004
82014,trigo total,32.8808
82021,girasol,20.866
82021,maíz,68.86
82021,soja 1ra,31.553600000000003
82021,soja 2da,26.409200000000002
82021,trigo total,26.702799999999996
82028,girasol,21.625999999999998
82028,maíz,78.5748
82028,soja 1ra,32.708
82028,soja 2da,24.326
82028,trigo total,32.6584
82042,girasol,26.709600000000002
82042,maíz,91.4092
82042,soja 1ra,35.141999999999996
82042,soja 2da,24.3888
82042,trigo total,35.2932
82049,girasol,14.7584
82049,maíz,33.86333333333334
82049,soja 1ra,16.1968
82049,soja 2da,14.972857142857142
82049,trigo total,18.12
82056,girasol,20.529230769230768
82056,maíz,81.292
82056,soja 1ra,34.5756
82056,soja 2da,26.7832
82056,trigo total,31.6508
82063,girasol,20.3044
82063,maíz,60.3076
82063,soja 1ra,27.226799999999997
82063,soja 2da,23.108
82063,trigo total,25.1948
82070,girasol,20.8304
82070,maíz,66.6156
82070,soja 1ra,30.474800000000002
82070,soja 2da,25.7572
82070,trigo total,26.903200000000002
82077,girasol,16.6404
82077,maíz,47.531666666666666
82077,soja 1ra,22.581666666666667
82077,soja 2da,19.021052631578947
82077,trigo total,18.496086956521737
82084,girasol,19.8
82084,maíz,76.7556
82084,soja 1ra,32.9388
82084,soja 2da,23.586399999999998
82084,trigo total,32.0068
82091,girasol,19.5028
82091,maíz,55.392799999999994
82091,soja 1ra,24.546
82091,soja 2da,21.63
82091,trigo total,22.0416
82105,girasol,21.6884
82105,maíz,73.6112
82105,soja 1ra,32.147600000000004
82105,soja 2da,24.8032
82105,trigo total,29.211599999999997
82112,girasol,19.8572
82112,maíz,57.38
82112,soja 1ra,25.501199999999997
82112,soja 2da,21.4592
82112,trigo total,24.9312
82119,girasol,20.997999999999998
82119,maíz,79.818
82119,soja 1ra,32.9392
82119,soja 2da,24.4692
82119,trigo total,32.9796
82126,girasol,21.592083333333335
82126,maíz,77.86399999999999
82126,soja 1ra,34.5344
82126,soja 2da,26.6048
82126,trigo total,28.3508
82133,girasol,16.5704
82133,maíz,41.62916666666667
82133,soja 1ra,19.148400000000002
82133,soja 2da,17.096666666666668
82133,trigo total,20.48
86007,girasol,13.276190476190477
86007,maíz,49.67181818181818
86007,soja 1ra,21.6408
86007,soja 2da,20.049999999999997
86007,trigo total,15.294117647058824
86014,girasol,14.64782608695652
86014,maíz,51.61434782608696
86014,soja 1ra,24.54875
86014,soja 2da,24.6255
86014,trigo total,12.842105263157896
86042,girasol,15.4252
86042,maíz,56.10565217391304
86042,soja 1ra,25.0456
86042,soja 2da,24.653333333333336
86042,trigo total,16.605263157894736
86077,girasol,15.5344
86077,maíz,55.66652173913043
86077,soja 1ra,25.0448
86077,soja 2da,24.94190476190476
86077,trigo total,16.31578947368421
86091,girasol,19.25
86091,maíz,59.25380952380952
86091,soja 1ra,25.90833333333333
86091,soja 2da,27.05
86091,trigo total,14.789473684210526
86098,girasol,12.790476190476191
86098,maíz,51.67521739130434
86098,soja 1ra,23.4044
86098,soja 2da,23.304761904761904
86098,trigo total,13.263684210526316
86119,girasol,14.050799999999999
86119,maíz,50.65347826086956
86119,soja 1ra,23.6596
86119,soja 2da,23.008947368421055
86119,trigo total,13.632105263157895
86133,girasol,19.0
86133,maíz,58.96333333333333
86133,soja 1ra,25.433333333333334
86133,soja 2da,26.777499999999996
86133,trigo total,14.733684210526315
86154,girasol,17.26086956521739
86154,maíz,55.57521739130435
86154,soja 1ra,24.3536
86154,soja 2da,22.955
86154,trigo total,17.577894736842108
90007,girasol,26.0
90007,maíz,56.308571428571426
90007,soja 1ra,24.461428571428574
90007,soja 2da,24.5075
90007,trigo total,10.652
90014,maíz,57.03809523809524
90014,soja 1ra,25.247142857142858
90014,soja 2da,25.4565
90014,trigo total,10.994
90035,maíz,53.516666666666666
90035,soja 1ra,23.67238095238095
90035,soja 2da,23.6935
90035,trigo total,10.3095
90056,maíz,54.70571428571428
90056,soja 1ra,24.230476190476192
90056,soja 2da,24.3265
90056,trigo total,10.5
